{
  "project_info": {
    "project_number": "905650992804",
    "project_id": "agame-c3e85",
    "storage_bucket": "agame-c3e85.appspot.com"
  },
  "client": [
    {
      "client_info": {
        "mobilesdk_app_id": "1:905650992804:android:6519ef437ec15fc31fd831",
        "android_client_info": {
          "package_name": "com.example.agame"
        }
      },
      "oauth_client": [
        {
          "client_id": "905650992804-cop1rp9vlmasomvpre68pb4s5tedpsg4.apps.googleusercontent.com",
          "client_type": 3
        }
      ],
      "api_key": [
        {
          "current_key": "AIzaSyByFiPK7Ez1TPD-j0TKN_tjKE0qf8xRmrg"
        }
      ],
      "services": {
        "appinvite_service": {
          "other_platform_oauth_client": [
            {
              "client_id": "905650992804-cop1rp9vlmasomvpre68pb4s5tedpsg4.apps.googleusercontent.com",
              "client_type": 3
            }
          ]
        }
      }
    }
  ],
  "configuration_version": "1"
}